chr	start	end	strend	score
chr1	11849	12406	+	.
chr1	12407	12971	+	.
chr1	13082	13951	+	.
chr1	30085	30753	+	.
chr1	34796	35581	+	.
chr1	35582	36028	+	.
chr1	68828	70267	+	.
chr1	450482	451941	+	.
chr1	490873	491852	+	.
chr1	493482	494926	+	.
chr1	494927	495292	+	.
chr1	685463	686912	+	.
chr1	728855	729978	+	.
chr1	785775	786788	+	.
chr1	826450	827441	+	.
chr1	925678	926277	+	.
chr1	929903	930588	+	.
chr1	930765	931364	+	.
chr1	935520	936148	+	.
chr1	938785	939203	+	.
chr1	939204	939712	+	.
chr1	940862	941558	+	.
chr1	941843	942325	+	.
chr1	942326	942528	+	.
chr1	942529	943135	+	.
chr1	943136	943537	+	.
chr1	943538	944396	+	.
chr1	944397	944922	+	.
chr1	944923	945332	+	.
chr1	945333	945905	+	.
chr1	945921	946344	+	.
chr1	946345	946797	+	.
chr1	947879	948361	+	.
chr1	948362	948855	+	.
chr1	950875	951490	+	.
chr1	951748	952275	+	.
chr1	952276	952852	+	.
chr1	952923	953535	+	.
chr1	953536	953948	+	.
chr1	953949	954421	+	.
chr1	955669	956055	+	.
chr1	956056	956467	+	.
chr1	956642	957062	+	.
chr1	957063	957525	+	.
chr1	958381	959130	+	.
chr1	959131	959527	+	.
chr1	960391	961011	+	.
chr1	961012	961593	+	.
chr1	961594	961788	+	.
chr1	961789	962312	+	.
